id,service_category,zip_code,calculation_date,search_demand_index,search_volume_trend,clinic_count,avg_rating,total_review_count,demand_to_competition_ratio,opportunity_score,created_at
1,urgent_care,60601,2025-12-24,10.4375,stable,8,1.66875,401,1.3046875,28.4490625,2025-12-25 02:35:55.472260
2,urgent_care,60602,2025-12-24,10.4375,stable,19,2.09736842105263,413,0.549342105263158,19.9101315789474,2025-12-25 02:35:55.473383
3,urgent_care,60603,2025-12-24,10.4375,stable,11,1.81818181818182,297,0.948863636363636,20.2056818181818,2025-12-25 02:35:55.474164
4,urgent_care,60604,2025-12-24,0.0,stable,1,2.45,19,0.0,55.51,2025-12-25 02:35:55.474900
5,urgent_care,60605,2025-12-24,0.0,stable,2,1.3,176,0.0,51.74,2025-12-25 02:35:55.475621
6,urgent_care,60606,2025-12-24,0.0,stable,2,2.25,96,0.0,51.55,2025-12-25 02:35:55.476436
7,urgent_care,60607,2025-12-24,0.0,stable,0,0.0,0,0.0,0.0,2025-12-25 02:35:55.477171
8,urgent_care,60608,2025-12-24,0.0,stable,0,0.0,0,0.0,0.0,2025-12-25 02:35:55.477888
9,urgent_care,60609,2025-12-24,0.0,stable,0,0.0,0,0.0,0.0,2025-12-25 02:35:55.478593
10,urgent_care,60610,2025-12-24,0.0,stable,0,0.0,0,0.0,0.0,2025-12-25 02:35:55.479294
11,urgent_care,60611,2025-12-24,0.0,stable,12,1.7375,749,0.0,19.6525,2025-12-25 02:35:55.480006
12,urgent_care,60612,2025-12-24,0.0,stable,0,0.0,0,0.0,0.0,2025-12-25 02:35:55.480719
13,urgent_care,60613,2025-12-24,0.0,stable,0,0.0,0,0.0,0.0,2025-12-25 02:35:55.481424
14,urgent_care,60614,2025-12-24,0.0,stable,0,0.0,0,0.0,0.0,2025-12-25 02:35:55.482130
15,urgent_care,60615,2025-12-24,0.0,stable,0,0.0,0,0.0,0.0,2025-12-25 02:35:55.482832
16,urgent_care,60616,2025-12-24,0.0,stable,0,0.0,0,0.0,0.0,2025-12-25 02:35:55.483543
17,urgent_care,60617,2025-12-24,0.0,stable,0,0.0,0,0.0,0.0,2025-12-25 02:35:55.484252
18,urgent_care,60618,2025-12-24,0.0,stable,0,0.0,0,0.0,0.0,2025-12-25 02:35:55.484950
19,urgent_care,60619,2025-12-24,0.0,stable,0,0.0,0,0.0,0.0,2025-12-25 02:35:55.485743
20,urgent_care,60620,2025-12-24,0.0,stable,0,0.0,0,0.0,0.0,2025-12-25 02:35:55.486445
21,urgent_care,60621,2025-12-24,0.0,stable,0,0.0,0,0.0,0.0,2025-12-25 02:35:55.487141
22,urgent_care,60622,2025-12-24,0.0,stable,0,0.0,0,0.0,0.0,2025-12-25 02:35:55.487843
23,urgent_care,60623,2025-12-24,0.0,stable,0,0.0,0,0.0,0.0,2025-12-25 02:35:55.488538
24,urgent_care,60624,2025-12-24,0.0,stable,0,0.0,0,0.0,0.0,2025-12-25 02:35:55.489248
25,urgent_care,60625,2025-12-24,0.0,stable,0,0.0,0,0.0,0.0,2025-12-25 02:35:55.489950
26,urgent_care,60626,2025-12-24,0.0,stable,0,0.0,0,0.0,0.0,2025-12-25 02:35:55.490670
27,urgent_care,60628,2025-12-24,0.0,stable,0,0.0,0,0.0,0.0,2025-12-25 02:35:55.491388
28,urgent_care,60629,2025-12-24,0.0,stable,0,0.0,0,0.0,0.0,2025-12-25 02:35:55.492115
29,urgent_care,60630,2025-12-24,0.0,stable,0,0.0,0,0.0,0.0,2025-12-25 02:35:55.492916
30,urgent_care,60631,2025-12-24,0.0,stable,0,0.0,0,0.0,0.0,2025-12-25 02:35:55.493660
31,urgent_care,60632,2025-12-24,0.0,stable,0,0.0,0,0.0,0.0,2025-12-25 02:35:55.494503
32,urgent_care,60633,2025-12-24,0.0,stable,0,0.0,0,0.0,0.0,2025-12-25 02:35:55.495356
33,urgent_care,60634,2025-12-24,0.0,stable,0,0.0,0,0.0,0.0,2025-12-25 02:35:55.496114
34,urgent_care,60636,2025-12-24,0.0,stable,0,0.0,0,0.0,0.0,2025-12-25 02:35:55.496847
35,urgent_care,60637,2025-12-24,0.0,stable,0,0.0,0,0.0,0.0,2025-12-25 02:35:55.497563
36,urgent_care,60638,2025-12-24,0.0,stable,0,0.0,0,0.0,0.0,2025-12-25 02:35:55.498279
37,urgent_care,60639,2025-12-24,0.0,stable,0,0.0,0,0.0,0.0,2025-12-25 02:35:55.498998
38,urgent_care,60640,2025-12-24,0.0,stable,0,0.0,0,0.0,0.0,2025-12-25 02:35:55.499719
39,urgent_care,60641,2025-12-24,0.0,stable,0,0.0,0,0.0,0.0,2025-12-25 02:35:55.500519
40,urgent_care,60642,2025-12-24,0.0,stable,0,0.0,0,0.0,0.0,2025-12-25 02:35:55.501258
41,urgent_care,60643,2025-12-24,0.0,stable,0,0.0,0,0.0,0.0,2025-12-25 02:35:55.501967
42,urgent_care,60644,2025-12-24,0.0,stable,0,0.0,0,0.0,0.0,2025-12-25 02:35:55.502672
43,urgent_care,60645,2025-12-24,0.0,stable,0,0.0,0,0.0,0.0,2025-12-25 02:35:55.503372
44,urgent_care,60646,2025-12-24,0.0,stable,0,0.0,0,0.0,0.0,2025-12-25 02:35:55.504080
45,urgent_care,60647,2025-12-24,0.0,stable,0,0.0,0,0.0,0.0,2025-12-25 02:35:55.504810
46,urgent_care,60649,2025-12-24,0.0,stable,0,0.0,0,0.0,0.0,2025-12-25 02:35:55.505545
47,urgent_care,60651,2025-12-24,0.0,stable,0,0.0,0,0.0,0.0,2025-12-25 02:35:55.506266
48,urgent_care,60652,2025-12-24,0.0,stable,0,0.0,0,0.0,0.0,2025-12-25 02:35:55.506992
49,urgent_care,60653,2025-12-24,0.0,stable,0,0.0,0,0.0,0.0,2025-12-25 02:35:55.507714
50,urgent_care,60654,2025-12-24,0.0,stable,6,1.94166666666667,170,0.0,35.6116666666667,2025-12-25 02:35:55.508465
51,urgent_care,60655,2025-12-24,0.0,stable,0,0.0,0,0.0,0.0,2025-12-25 02:35:55.509201
52,urgent_care,60656,2025-12-24,0.0,stable,0,0.0,0,0.0,0.0,2025-12-25 02:35:55.510028
53,urgent_care,60657,2025-12-24,0.0,stable,0,0.0,0,0.0,0.0,2025-12-25 02:35:55.510783
54,urgent_care,60659,2025-12-24,0.0,stable,0,0.0,0,0.0,0.0,2025-12-25 02:35:55.511563
55,urgent_care,60660,2025-12-24,0.0,stable,0,0.0,0,0.0,0.0,2025-12-25 02:35:55.512275
56,urgent_care,60661,2025-12-24,0.0,stable,2,1.225,265,0.0,51.755,2025-12-25 02:35:55.512963
57,primary_care,60601,2025-12-24,13.671875,stable,8,1.66875,401,1.708984375,28.691640625,2025-12-25 02:35:55.513810
58,primary_care,60602,2025-12-24,13.671875,stable,19,2.09736842105263,413,0.719572368421053,20.0122697368421,2025-12-25 02:35:55.514546
59,primary_care,60603,2025-12-24,13.671875,stable,11,1.81818181818182,297,1.24289772727273,20.3821022727273,2025-12-25 02:35:55.515266
60,primary_care,60604,2025-12-24,0.0,stable,1,2.45,19,0.0,55.51,2025-12-25 02:35:55.516002
61,primary_care,60605,2025-12-24,0.0,stable,2,1.3,176,0.0,51.74,2025-12-25 02:35:55.516729
62,primary_care,60606,2025-12-24,0.0,stable,2,2.25,96,0.0,51.55,2025-12-25 02:35:55.517534
63,primary_care,60607,2025-12-24,0.0,stable,0,0.0,0,0.0,0.0,2025-12-25 02:35:55.518272
64,primary_care,60608,2025-12-24,0.0,stable,0,0.0,0,0.0,0.0,2025-12-25 02:35:55.518992
65,primary_care,60609,2025-12-24,0.0,stable,0,0.0,0,0.0,0.0,2025-12-25 02:35:55.519712
66,primary_care,60610,2025-12-24,0.0,stable,0,0.0,0,0.0,0.0,2025-12-25 02:35:55.520433
67,primary_care,60611,2025-12-24,0.0,stable,12,1.7375,749,0.0,19.6525,2025-12-25 02:35:55.521167
68,primary_care,60612,2025-12-24,0.0,stable,0,0.0,0,0.0,0.0,2025-12-25 02:35:55.521882
69,primary_care,60613,2025-12-24,0.0,stable,0,0.0,0,0.0,0.0,2025-12-25 02:35:55.522596
70,primary_care,60614,2025-12-24,0.0,stable,0,0.0,0,0.0,0.0,2025-12-25 02:35:55.523337
71,primary_care,60615,2025-12-24,0.0,stable,0,0.0,0,0.0,0.0,2025-12-25 02:35:55.524084
72,primary_care,60616,2025-12-24,0.0,stable,0,0.0,0,0.0,0.0,2025-12-25 02:35:55.525010
73,primary_care,60617,2025-12-24,0.0,stable,0,0.0,0,0.0,0.0,2025-12-25 02:35:55.526123
74,primary_care,60618,2025-12-24,0.0,stable,0,0.0,0,0.0,0.0,2025-12-25 02:35:55.526970
75,primary_care,60619,2025-12-24,0.0,stable,0,0.0,0,0.0,0.0,2025-12-25 02:35:55.527714
76,primary_care,60620,2025-12-24,0.0,stable,0,0.0,0,0.0,0.0,2025-12-25 02:35:55.528431
77,primary_care,60621,2025-12-24,0.0,stable,0,0.0,0,0.0,0.0,2025-12-25 02:35:55.529134
78,primary_care,60622,2025-12-24,0.0,stable,0,0.0,0,0.0,0.0,2025-12-25 02:35:55.529830
79,primary_care,60623,2025-12-24,0.0,stable,0,0.0,0,0.0,0.0,2025-12-25 02:35:55.530535
80,primary_care,60624,2025-12-24,0.0,stable,0,0.0,0,0.0,0.0,2025-12-25 02:35:55.531351
81,primary_care,60625,2025-12-24,0.0,stable,0,0.0,0,0.0,0.0,2025-12-25 02:35:55.532061
82,primary_care,60626,2025-12-24,0.0,stable,0,0.0,0,0.0,0.0,2025-12-25 02:35:55.532751
83,primary_care,60628,2025-12-24,0.0,stable,0,0.0,0,0.0,0.0,2025-12-25 02:35:55.533444
84,primary_care,60629,2025-12-24,0.0,stable,0,0.0,0,0.0,0.0,2025-12-25 02:35:55.534128
85,primary_care,60630,2025-12-24,0.0,stable,0,0.0,0,0.0,0.0,2025-12-25 02:35:55.534908
86,primary_care,60631,2025-12-24,0.0,stable,0,0.0,0,0.0,0.0,2025-12-25 02:35:55.535605
87,primary_care,60632,2025-12-24,0.0,stable,0,0.0,0,0.0,0.0,2025-12-25 02:35:55.536299
88,primary_care,60633,2025-12-24,0.0,stable,0,0.0,0,0.0,0.0,2025-12-25 02:35:55.537058
89,primary_care,60634,2025-12-24,0.0,stable,0,0.0,0,0.0,0.0,2025-12-25 02:35:55.537782
90,primary_care,60636,2025-12-24,0.0,stable,0,0.0,0,0.0,0.0,2025-12-25 02:35:55.538487
91,primary_care,60637,2025-12-24,0.0,stable,0,0.0,0,0.0,0.0,2025-12-25 02:35:55.539180
92,primary_care,60638,2025-12-24,0.0,stable,0,0.0,0,0.0,0.0,2025-12-25 02:35:55.539870
93,primary_care,60639,2025-12-24,0.0,stable,0,0.0,0,0.0,0.0,2025-12-25 02:35:55.540561
94,primary_care,60640,2025-12-24,0.0,stable,0,0.0,0,0.0,0.0,2025-12-25 02:35:55.541256
95,primary_care,60641,2025-12-24,0.0,stable,0,0.0,0,0.0,0.0,2025-12-25 02:35:55.542057
96,primary_care,60642,2025-12-24,0.0,stable,0,0.0,0,0.0,0.0,2025-12-25 02:35:55.542778
97,primary_care,60643,2025-12-24,0.0,stable,0,0.0,0,0.0,0.0,2025-12-25 02:35:55.543474
98,primary_care,60644,2025-12-24,0.0,stable,0,0.0,0,0.0,0.0,2025-12-25 02:35:55.544177
99,primary_care,60645,2025-12-24,0.0,stable,0,0.0,0,0.0,0.0,2025-12-25 02:35:55.544861
100,primary_care,60646,2025-12-24,0.0,stable,0,0.0,0,0.0,0.0,2025-12-25 02:35:55.545544
101,primary_care,60647,2025-12-24,0.0,stable,0,0.0,0,0.0,0.0,2025-12-25 02:35:55.546225
102,primary_care,60649,2025-12-24,0.0,stable,0,0.0,0,0.0,0.0,2025-12-25 02:35:55.546914
103,primary_care,60651,2025-12-24,0.0,stable,0,0.0,0,0.0,0.0,2025-12-25 02:35:55.547606
104,primary_care,60652,2025-12-24,0.0,stable,0,0.0,0,0.0,0.0,2025-12-25 02:35:55.548286
105,primary_care,60653,2025-12-24,0.0,stable,0,0.0,0,0.0,0.0,2025-12-25 02:35:55.549241
106,primary_care,60654,2025-12-24,0.0,stable,6,1.94166666666667,170,0.0,35.6116666666667,2025-12-25 02:35:55.549984
107,primary_care,60655,2025-12-24,0.0,stable,0,0.0,0,0.0,0.0,2025-12-25 02:35:55.550709
108,primary_care,60656,2025-12-24,0.0,stable,0,0.0,0,0.0,0.0,2025-12-25 02:35:55.551407
109,primary_care,60657,2025-12-24,0.0,stable,0,0.0,0,0.0,0.0,2025-12-25 02:35:55.552103
110,primary_care,60659,2025-12-24,0.0,stable,0,0.0,0,0.0,0.0,2025-12-25 02:35:55.552794
111,primary_care,60660,2025-12-24,0.0,stable,0,0.0,0,0.0,0.0,2025-12-25 02:35:55.553475
112,primary_care,60661,2025-12-24,0.0,stable,2,1.225,265,0.0,51.755,2025-12-25 02:35:55.554145
113,pediatric,60601,2025-12-24,30.9375,increasing,8,1.66875,401,3.8671875,29.9865625,2025-12-25 02:35:55.554958
114,pediatric,60602,2025-12-24,30.9375,increasing,19,2.09736842105263,413,1.62828947368421,20.5575,2025-12-25 02:35:55.555662
115,pediatric,60603,2025-12-24,30.9375,increasing,11,1.81818181818182,297,2.8125,21.3238636363636,2025-12-25 02:35:55.556366
116,pediatric,60604,2025-12-24,0.0,stable,1,2.45,19,0.0,55.51,2025-12-25 02:35:55.557065
117,pediatric,60605,2025-12-24,0.0,stable,2,1.3,176,0.0,51.74,2025-12-25 02:35:55.557772
118,pediatric,60606,2025-12-24,0.0,stable,2,2.25,96,0.0,51.55,2025-12-25 02:35:55.573371
119,pediatric,60607,2025-12-24,0.0,stable,0,0.0,0,0.0,0.0,2025-12-25 02:35:55.574248
120,pediatric,60608,2025-12-24,0.0,stable,0,0.0,0,0.0,0.0,2025-12-25 02:35:55.574982
121,pediatric,60609,2025-12-24,0.0,stable,0,0.0,0,0.0,0.0,2025-12-25 02:35:55.575697
122,pediatric,60610,2025-12-24,0.0,stable,0,0.0,0,0.0,0.0,2025-12-25 02:35:55.576407
123,pediatric,60611,2025-12-24,0.0,stable,12,1.7375,749,0.0,19.6525,2025-12-25 02:35:55.577126
124,pediatric,60612,2025-12-24,0.0,stable,0,0.0,0,0.0,0.0,2025-12-25 02:35:55.577879
125,pediatric,60613,2025-12-24,0.0,stable,0,0.0,0,0.0,0.0,2025-12-25 02:35:55.578571
126,pediatric,60614,2025-12-24,0.0,stable,0,0.0,0,0.0,0.0,2025-12-25 02:35:55.579261
127,pediatric,60615,2025-12-24,0.0,stable,0,0.0,0,0.0,0.0,2025-12-25 02:35:55.579961
128,pediatric,60616,2025-12-24,0.0,stable,0,0.0,0,0.0,0.0,2025-12-25 02:35:55.580665
129,pediatric,60617,2025-12-24,0.0,stable,0,0.0,0,0.0,0.0,2025-12-25 02:35:55.581384
130,pediatric,60618,2025-12-24,0.0,stable,0,0.0,0,0.0,0.0,2025-12-25 02:35:55.582073
131,pediatric,60619,2025-12-24,0.0,stable,0,0.0,0,0.0,0.0,2025-12-25 02:35:55.582771
132,pediatric,60620,2025-12-24,0.0,stable,0,0.0,0,0.0,0.0,2025-12-25 02:35:55.583454
133,pediatric,60621,2025-12-24,0.0,stable,0,0.0,0,0.0,0.0,2025-12-25 02:35:55.584144
134,pediatric,60622,2025-12-24,0.0,stable,0,0.0,0,0.0,0.0,2025-12-25 02:35:55.584902
135,pediatric,60623,2025-12-24,0.0,stable,0,0.0,0,0.0,0.0,2025-12-25 02:35:55.585608
136,pediatric,60624,2025-12-24,0.0,stable,0,0.0,0,0.0,0.0,2025-12-25 02:35:55.586306
137,pediatric,60625,2025-12-24,0.0,stable,0,0.0,0,0.0,0.0,2025-12-25 02:35:55.587003
138,pediatric,60626,2025-12-24,0.0,stable,0,0.0,0,0.0,0.0,2025-12-25 02:35:55.587690
139,pediatric,60628,2025-12-24,0.0,stable,0,0.0,0,0.0,0.0,2025-12-25 02:35:55.588381
140,pediatric,60629,2025-12-24,0.0,stable,0,0.0,0,0.0,0.0,2025-12-25 02:35:55.589061
141,pediatric,60630,2025-12-24,0.0,stable,0,0.0,0,0.0,0.0,2025-12-25 02:35:55.589747
142,pediatric,60631,2025-12-24,0.0,stable,0,0.0,0,0.0,0.0,2025-12-25 02:35:55.590428
143,pediatric,60632,2025-12-24,0.0,stable,0,0.0,0,0.0,0.0,2025-12-25 02:35:55.591124
144,pediatric,60633,2025-12-24,0.0,stable,0,0.0,0,0.0,0.0,2025-12-25 02:35:55.591879
145,pediatric,60634,2025-12-24,0.0,stable,0,0.0,0,0.0,0.0,2025-12-25 02:35:55.592581
146,pediatric,60636,2025-12-24,0.0,stable,0,0.0,0,0.0,0.0,2025-12-25 02:35:55.593267
147,pediatric,60637,2025-12-24,0.0,stable,0,0.0,0,0.0,0.0,2025-12-25 02:35:55.593943
148,pediatric,60638,2025-12-24,0.0,stable,0,0.0,0,0.0,0.0,2025-12-25 02:35:55.594628
149,pediatric,60639,2025-12-24,0.0,stable,0,0.0,0,0.0,0.0,2025-12-25 02:35:55.595307
150,pediatric,60640,2025-12-24,0.0,stable,0,0.0,0,0.0,0.0,2025-12-25 02:35:55.595988
151,pediatric,60641,2025-12-24,0.0,stable,0,0.0,0,0.0,0.0,2025-12-25 02:35:55.596674
152,pediatric,60642,2025-12-24,0.0,stable,0,0.0,0,0.0,0.0,2025-12-25 02:35:55.597363
153,pediatric,60643,2025-12-24,0.0,stable,0,0.0,0,0.0,0.0,2025-12-25 02:35:55.598054
154,pediatric,60644,2025-12-24,0.0,stable,0,0.0,0,0.0,0.0,2025-12-25 02:35:55.598748
155,pediatric,60645,2025-12-24,0.0,stable,0,0.0,0,0.0,0.0,2025-12-25 02:35:55.599431
156,pediatric,60646,2025-12-24,0.0,stable,0,0.0,0,0.0,0.0,2025-12-25 02:35:55.600205
157,pediatric,60647,2025-12-24,0.0,stable,0,0.0,0,0.0,0.0,2025-12-25 02:35:55.600909
158,pediatric,60649,2025-12-24,0.0,stable,0,0.0,0,0.0,0.0,2025-12-25 02:35:55.601600
159,pediatric,60651,2025-12-24,0.0,stable,0,0.0,0,0.0,0.0,2025-12-25 02:35:55.602287
160,pediatric,60652,2025-12-24,0.0,stable,0,0.0,0,0.0,0.0,2025-12-25 02:35:55.602982
161,pediatric,60653,2025-12-24,0.0,stable,0,0.0,0,0.0,0.0,2025-12-25 02:35:55.603665
162,pediatric,60654,2025-12-24,0.0,stable,6,1.94166666666667,170,0.0,35.6116666666667,2025-12-25 02:35:55.604355
163,pediatric,60655,2025-12-24,0.0,stable,0,0.0,0,0.0,0.0,2025-12-25 02:35:55.605041
164,pediatric,60656,2025-12-24,0.0,stable,0,0.0,0,0.0,0.0,2025-12-25 02:35:55.605721
165,pediatric,60657,2025-12-24,0.0,stable,0,0.0,0,0.0,0.0,2025-12-25 02:35:55.606402
166,pediatric,60659,2025-12-24,0.0,stable,0,0.0,0,0.0,0.0,2025-12-25 02:35:55.607164
167,pediatric,60660,2025-12-24,0.0,stable,0,0.0,0,0.0,0.0,2025-12-25 02:35:55.607853
168,pediatric,60661,2025-12-24,0.0,stable,2,1.225,265,0.0,51.755,2025-12-25 02:35:55.608529
169,dental,60601,2025-12-24,48.03125,decreasing,8,1.66875,401,6.00390625,31.26859375,2025-12-25 02:35:55.609336
170,dental,60602,2025-12-24,48.03125,decreasing,19,2.09736842105263,413,2.52796052631579,21.0973026315789,2025-12-25 02:35:55.610035
171,dental,60603,2025-12-24,48.03125,decreasing,11,1.81818181818182,297,4.36647727272727,22.25625,2025-12-25 02:35:55.610723
172,dental,60604,2025-12-24,0.0,stable,1,2.45,19,0.0,55.51,2025-12-25 02:35:55.611414
173,dental,60605,2025-12-24,0.0,stable,2,1.3,176,0.0,51.74,2025-12-25 02:35:55.612102
174,dental,60606,2025-12-24,0.0,stable,2,2.25,96,0.0,51.55,2025-12-25 02:35:55.612792
175,dental,60607,2025-12-24,0.0,stable,0,0.0,0,0.0,0.0,2025-12-25 02:35:55.613486
176,dental,60608,2025-12-24,0.0,stable,0,0.0,0,0.0,0.0,2025-12-25 02:35:55.614252
177,dental,60609,2025-12-24,0.0,stable,0,0.0,0,0.0,0.0,2025-12-25 02:35:55.614971
178,dental,60610,2025-12-24,0.0,stable,0,0.0,0,0.0,0.0,2025-12-25 02:35:55.615657
179,dental,60611,2025-12-24,0.0,stable,12,1.7375,749,0.0,19.6525,2025-12-25 02:35:55.616369
180,dental,60612,2025-12-24,0.0,stable,0,0.0,0,0.0,0.0,2025-12-25 02:35:55.617057
181,dental,60613,2025-12-24,0.0,stable,0,0.0,0,0.0,0.0,2025-12-25 02:35:55.617741
182,dental,60614,2025-12-24,0.0,stable,0,0.0,0,0.0,0.0,2025-12-25 02:35:55.618427
183,dental,60615,2025-12-24,0.0,stable,0,0.0,0,0.0,0.0,2025-12-25 02:35:55.619107
184,dental,60616,2025-12-24,0.0,stable,0,0.0,0,0.0,0.0,2025-12-25 02:35:55.619799
185,dental,60617,2025-12-24,0.0,stable,0,0.0,0,0.0,0.0,2025-12-25 02:35:55.620493
186,dental,60618,2025-12-24,0.0,stable,0,0.0,0,0.0,0.0,2025-12-25 02:35:55.621174
187,dental,60619,2025-12-24,0.0,stable,0,0.0,0,0.0,0.0,2025-12-25 02:35:55.621858
188,dental,60620,2025-12-24,0.0,stable,0,0.0,0,0.0,0.0,2025-12-25 02:35:55.622537
189,dental,60621,2025-12-24,0.0,stable,0,0.0,0,0.0,0.0,2025-12-25 02:35:55.623308
190,dental,60622,2025-12-24,0.0,stable,0,0.0,0,0.0,0.0,2025-12-25 02:35:55.624005
191,dental,60623,2025-12-24,0.0,stable,0,0.0,0,0.0,0.0,2025-12-25 02:35:55.624684
192,dental,60624,2025-12-24,0.0,stable,0,0.0,0,0.0,0.0,2025-12-25 02:35:55.625372
193,dental,60625,2025-12-24,0.0,stable,0,0.0,0,0.0,0.0,2025-12-25 02:35:55.626053
194,dental,60626,2025-12-24,0.0,stable,0,0.0,0,0.0,0.0,2025-12-25 02:35:55.626735
195,dental,60628,2025-12-24,0.0,stable,0,0.0,0,0.0,0.0,2025-12-25 02:35:55.627416
196,dental,60629,2025-12-24,0.0,stable,0,0.0,0,0.0,0.0,2025-12-25 02:35:55.628102
197,dental,60630,2025-12-24,0.0,stable,0,0.0,0,0.0,0.0,2025-12-25 02:35:55.628778
198,dental,60631,2025-12-24,0.0,stable,0,0.0,0,0.0,0.0,2025-12-25 02:35:55.629465
199,dental,60632,2025-12-24,0.0,stable,0,0.0,0,0.0,0.0,2025-12-25 02:35:55.630228
200,dental,60633,2025-12-24,0.0,stable,0,0.0,0,0.0,0.0,2025-12-25 02:35:55.630928
201,dental,60634,2025-12-24,0.0,stable,0,0.0,0,0.0,0.0,2025-12-25 02:35:55.631616
202,dental,60636,2025-12-24,0.0,stable,0,0.0,0,0.0,0.0,2025-12-25 02:35:55.632303
203,dental,60637,2025-12-24,0.0,stable,0,0.0,0,0.0,0.0,2025-12-25 02:35:55.633007
204,dental,60638,2025-12-24,0.0,stable,0,0.0,0,0.0,0.0,2025-12-25 02:35:55.633683
205,dental,60639,2025-12-24,0.0,stable,0,0.0,0,0.0,0.0,2025-12-25 02:35:55.634365
206,dental,60640,2025-12-24,0.0,stable,0,0.0,0,0.0,0.0,2025-12-25 02:35:55.635038
207,dental,60641,2025-12-24,0.0,stable,0,0.0,0,0.0,0.0,2025-12-25 02:35:55.635715
208,dental,60642,2025-12-24,0.0,stable,0,0.0,0,0.0,0.0,2025-12-25 02:35:55.636392
209,dental,60643,2025-12-24,0.0,stable,0,0.0,0,0.0,0.0,2025-12-25 02:35:55.637150
210,dental,60644,2025-12-24,0.0,stable,0,0.0,0,0.0,0.0,2025-12-25 02:35:55.637846
211,dental,60645,2025-12-24,0.0,stable,0,0.0,0,0.0,0.0,2025-12-25 02:35:55.638537
212,dental,60646,2025-12-24,0.0,stable,0,0.0,0,0.0,0.0,2025-12-25 02:35:55.639222
213,dental,60647,2025-12-24,0.0,stable,0,0.0,0,0.0,0.0,2025-12-25 02:35:55.639899
214,dental,60649,2025-12-24,0.0,stable,0,0.0,0,0.0,0.0,2025-12-25 02:35:55.640575
215,dental,60651,2025-12-24,0.0,stable,0,0.0,0,0.0,0.0,2025-12-25 02:35:55.641259
216,dental,60652,2025-12-24,0.0,stable,0,0.0,0,0.0,0.0,2025-12-25 02:35:55.641944
217,dental,60653,2025-12-24,0.0,stable,0,0.0,0,0.0,0.0,2025-12-25 02:35:55.642629
218,dental,60654,2025-12-24,0.0,stable,6,1.94166666666667,170,0.0,35.6116666666667,2025-12-25 02:35:55.643337
219,dental,60655,2025-12-24,0.0,stable,0,0.0,0,0.0,0.0,2025-12-25 02:35:55.644027
220,dental,60656,2025-12-24,0.0,stable,0,0.0,0,0.0,0.0,2025-12-25 02:35:55.644711
221,dental,60657,2025-12-24,0.0,stable,0,0.0,0,0.0,0.0,2025-12-25 02:35:55.645396
222,dental,60659,2025-12-24,0.0,stable,0,0.0,0,0.0,0.0,2025-12-25 02:35:55.646187
223,dental,60660,2025-12-24,0.0,stable,0,0.0,0,0.0,0.0,2025-12-25 02:35:55.646892
224,dental,60661,2025-12-24,0.0,stable,2,1.225,265,0.0,51.755,2025-12-25 02:35:55.647571
225,specialty,60601,2025-12-24,55.3541666666667,decreasing,8,1.66875,401,6.91927083333333,31.8178125,2025-12-25 02:35:55.648385
226,specialty,60602,2025-12-24,55.3541666666667,decreasing,19,2.09736842105263,413,2.91337719298246,21.3285526315789,2025-12-25 02:35:55.649081
227,specialty,60603,2025-12-24,55.3541666666667,decreasing,11,1.81818181818182,297,5.03219696969697,22.6556818181818,2025-12-25 02:35:55.649770
228,specialty,60604,2025-12-24,0.0,stable,1,2.45,19,0.0,55.51,2025-12-25 02:35:55.650456
229,specialty,60605,2025-12-24,0.0,stable,2,1.3,176,0.0,51.74,2025-12-25 02:35:55.651145
230,specialty,60606,2025-12-24,0.0,stable,2,2.25,96,0.0,51.55,2025-12-25 02:35:55.651827
231,specialty,60607,2025-12-24,0.0,stable,0,0.0,0,0.0,0.0,2025-12-25 02:35:55.652502
232,specialty,60608,2025-12-24,0.0,stable,0,0.0,0,0.0,0.0,2025-12-25 02:35:55.653257
233,specialty,60609,2025-12-24,0.0,stable,0,0.0,0,0.0,0.0,2025-12-25 02:35:55.653952
234,specialty,60610,2025-12-24,0.0,stable,0,0.0,0,0.0,0.0,2025-12-25 02:35:55.654639
235,specialty,60611,2025-12-24,0.0,stable,12,1.7375,749,0.0,19.6525,2025-12-25 02:35:55.655328
236,specialty,60612,2025-12-24,0.0,stable,0,0.0,0,0.0,0.0,2025-12-25 02:35:55.656014
237,specialty,60613,2025-12-24,0.0,stable,0,0.0,0,0.0,0.0,2025-12-25 02:35:55.656697
238,specialty,60614,2025-12-24,0.0,stable,0,0.0,0,0.0,0.0,2025-12-25 02:35:55.657380
239,specialty,60615,2025-12-24,0.0,stable,0,0.0,0,0.0,0.0,2025-12-25 02:35:55.658056
240,specialty,60616,2025-12-24,0.0,stable,0,0.0,0,0.0,0.0,2025-12-25 02:35:55.658733
241,specialty,60617,2025-12-24,0.0,stable,0,0.0,0,0.0,0.0,2025-12-25 02:35:55.659417
242,specialty,60618,2025-12-24,0.0,stable,0,0.0,0,0.0,0.0,2025-12-25 02:35:55.660181
243,specialty,60619,2025-12-24,0.0,stable,0,0.0,0,0.0,0.0,2025-12-25 02:35:55.660879
244,specialty,60620,2025-12-24,0.0,stable,0,0.0,0,0.0,0.0,2025-12-25 02:35:55.661568
245,specialty,60621,2025-12-24,0.0,stable,0,0.0,0,0.0,0.0,2025-12-25 02:35:55.662256
246,specialty,60622,2025-12-24,0.0,stable,0,0.0,0,0.0,0.0,2025-12-25 02:35:55.662943
247,specialty,60623,2025-12-24,0.0,stable,0,0.0,0,0.0,0.0,2025-12-25 02:35:55.663621
248,specialty,60624,2025-12-24,0.0,stable,0,0.0,0,0.0,0.0,2025-12-25 02:35:55.664301
249,specialty,60625,2025-12-24,0.0,stable,0,0.0,0,0.0,0.0,2025-12-25 02:35:55.664976
250,specialty,60626,2025-12-24,0.0,stable,0,0.0,0,0.0,0.0,2025-12-25 02:35:55.665653
251,specialty,60628,2025-12-24,0.0,stable,0,0.0,0,0.0,0.0,2025-12-25 02:35:55.666334
252,specialty,60629,2025-12-24,0.0,stable,0,0.0,0,0.0,0.0,2025-12-25 02:35:55.667016
253,specialty,60630,2025-12-24,0.0,stable,0,0.0,0,0.0,0.0,2025-12-25 02:35:55.667694
254,specialty,60631,2025-12-24,0.0,stable,0,0.0,0,0.0,0.0,2025-12-25 02:35:55.668380
255,specialty,60632,2025-12-24,0.0,stable,0,0.0,0,0.0,0.0,2025-12-25 02:35:55.669153
256,specialty,60633,2025-12-24,0.0,stable,0,0.0,0,0.0,0.0,2025-12-25 02:35:55.669842
257,specialty,60634,2025-12-24,0.0,stable,0,0.0,0,0.0,0.0,2025-12-25 02:35:55.670531
258,specialty,60636,2025-12-24,0.0,stable,0,0.0,0,0.0,0.0,2025-12-25 02:35:55.671215
259,specialty,60637,2025-12-24,0.0,stable,0,0.0,0,0.0,0.0,2025-12-25 02:35:55.671892
260,specialty,60638,2025-12-24,0.0,stable,0,0.0,0,0.0,0.0,2025-12-25 02:35:55.672566
261,specialty,60639,2025-12-24,0.0,stable,0,0.0,0,0.0,0.0,2025-12-25 02:35:55.673247
262,specialty,60640,2025-12-24,0.0,stable,0,0.0,0,0.0,0.0,2025-12-25 02:35:55.673932
263,specialty,60641,2025-12-24,0.0,stable,0,0.0,0,0.0,0.0,2025-12-25 02:35:55.674612
264,specialty,60642,2025-12-24,0.0,stable,0,0.0,0,0.0,0.0,2025-12-25 02:35:55.675297
265,specialty,60643,2025-12-24,0.0,stable,0,0.0,0,0.0,0.0,2025-12-25 02:35:55.676060
266,specialty,60644,2025-12-24,0.0,stable,0,0.0,0,0.0,0.0,2025-12-25 02:35:55.676754
267,specialty,60645,2025-12-24,0.0,stable,0,0.0,0,0.0,0.0,2025-12-25 02:35:55.677444
268,specialty,60646,2025-12-24,0.0,stable,0,0.0,0,0.0,0.0,2025-12-25 02:35:55.678127
269,specialty,60647,2025-12-24,0.0,stable,0,0.0,0,0.0,0.0,2025-12-25 02:35:55.678808
270,specialty,60649,2025-12-24,0.0,stable,0,0.0,0,0.0,0.0,2025-12-25 02:35:55.679486
271,specialty,60651,2025-12-24,0.0,stable,0,0.0,0,0.0,0.0,2025-12-25 02:35:55.680162
272,specialty,60652,2025-12-24,0.0,stable,0,0.0,0,0.0,0.0,2025-12-25 02:35:55.680843
273,specialty,60653,2025-12-24,0.0,stable,0,0.0,0,0.0,0.0,2025-12-25 02:35:55.681531
274,specialty,60654,2025-12-24,0.0,stable,6,1.94166666666667,170,0.0,35.6116666666667,2025-12-25 02:35:55.682221
275,specialty,60655,2025-12-24,0.0,stable,0,0.0,0,0.0,0.0,2025-12-25 02:35:55.682981
276,specialty,60656,2025-12-24,0.0,stable,0,0.0,0,0.0,0.0,2025-12-25 02:35:55.683675
277,specialty,60657,2025-12-24,0.0,stable,0,0.0,0,0.0,0.0,2025-12-25 02:35:55.684363
278,specialty,60659,2025-12-24,0.0,stable,0,0.0,0,0.0,0.0,2025-12-25 02:35:55.685051
279,specialty,60660,2025-12-24,0.0,stable,0,0.0,0,0.0,0.0,2025-12-25 02:35:55.685734
280,specialty,60661,2025-12-24,0.0,stable,2,1.225,265,0.0,51.755,2025-12-25 02:35:55.686384
